,Age,Weight (kg),Height (m),Max_BPM,Avg_BPM,Resting_BPM,Session_Duration (hours),Calories_Burned,Fat_Percentage,Water_Intake (liters),Workout_Frequency (days/week),Experience_Level,BMI
count,973.0,973.0,973.0,973.0,973.0,973.0,973.0,973.0,973.0,973.0,973.0,973.0,973.0
mean,38.68345323741007,73.85467625899281,1.7225796505652622,179.88386433710176,143.76670092497432,62.223021582733814,1.2564234326824255,905.4224049331963,24.97677286742035,2.626618705035971,3.3216855087358685,1.8098663926002057,24.91212744090442
std,12.180927866987108,21.20750049840716,0.1277198946072169,11.525685962379304,14.345101439108827,7.327059908996755,0.3430334803899635,272.6415164522588,6.259418834269054,0.600171936561324,0.9130469699343228,0.7396927419551093,6.660879393631093
min,18.0,40.0,1.5,160.0,120.0,50.0,0.5,303.0,10.0,1.5,2.0,1.0,12.32
25%,28.0,58.1,1.62,170.0,131.0,56.0,1.04,720.0,21.3,2.2,3.0,1.0,20.11
50%,40.0,70.0,1.71,180.0,143.0,62.0,1.26,893.0,26.2,2.6,3.0,2.0,24.16
75%,49.0,86.0,1.8,190.0,156.0,68.0,1.46,1076.0,29.3,3.1,4.0,2.0,28.56
max,59.0,129.9,2.0,199.0,169.0,74.0,2.0,1783.0,35.0,3.7,5.0,3.0,49.84
